,rev_id
0,516633096
1,550682925
2,627547024
3,636911471
4,669987106
5,671484594
6,680981536
7,684023803
8,684023859
9,696608092
10,698572327
11,699260156
12,703773782
13,706204833
14,706810694
15,708482569
16,708813010
17,709508670
18,710135228
19,710311600
20,710715953
21,711224007
22,711288191
23,711513274
24,712411818
25,712872338
26,712872421
27,712872473
28,712872531
29,712873183
30,712873308
31,712873386
32,712878000
33,712878267
34,712878343
35,712878396
36,712881543
37,712881676
38,712881741
39,712881882
40,712889562
41,712889594
42,712889683
43,712889781
44,712889809
45,712891291
46,712891354
47,712891378
48,712891476
49,713368646
50,713381693
51,714352602
52,715273866
53,715457941
54,715534283
55,715978328
56,717536136
57,717891895
58,717917231
59,717927381
60,718090116
61,719342595
62,719521006
63,719581803
64,719981739
65,720054719
66,720154872
67,720164068
68,720356159
69,720688837
70,720856841
71,720924221
72,720953589
73,720959757
74,720993927
75,721106120
76,721509220
77,721856824
78,723082034
79,723308478
80,724052271
81,726600165
82,726639434
83,726805368
84,730950147
85,734957625
86,735966681
87,736660951
88,737123608
89,738480520
90,738514517
91,738984692
92,739115995
93,740126873
94,743770874
95,744643166
96,745915558
97,746758535
98,747688056
99,747922835
100,748601806
101,749326717
102,749389032
103,749546552
104,749699147
105,749705073
106,750849372
107,753191526
108,754739349
109,756697478
110,757313957
111,757961591
112,758706289
113,760194556
114,760195376
115,761821348
116,762816132
117,763245610
118,763558111
119,764019224
120,764191934
121,764911200
122,765228329
123,765489047
124,765662083
125,765717347
126,766101638
127,768013050
128,768871687
129,771213598
130,771642775
131,772176512
132,772567736
133,773323473
134,773355081
135,773601556
136,774023957
137,774293013
138,777163201
139,778388481
140,778618827
141,779101752
142,779135011
143,779409209
144,779899001
145,779954797
146,779957437
147,781072934
148,781427254
149,782170063
150,782508289
151,783382630
152,784558743
153,786721553
154,787181453
155,787353922
156,787391918
157,787398581
158,787453368
159,788037971
160,788289620
161,788310383
162,788722110
163,788844423
164,788884593
165,789080627
166,789150159
167,789262504
168,789266166
169,789271422
170,789281061
171,789285351
172,789285762
173,789286413
174,789444415
175,789736824
176,789816636
177,790028876
178,790147995
179,790410710
180,791429003
181,791866288
182,792184018
183,792400552
184,792440851
185,792857662
186,792933603
187,793280504
188,794311724
189,794409906
190,794768894
191,794866848
192,794990759
193,795545202
194,795588781
195,796744496
196,796758810
197,797311794
198,797902544
199,798073295
200,798615865
201,798841317
202,798865216
203,798891126
204,798945915
205,798952867
206,799036953
207,799263010
208,799300265
209,799540668
210,799880073
211,799933274
212,799981363
213,800072571
214,800144885
215,800233652
216,800299837
217,800471126
218,800574730
219,800707821
220,800802122
221,801177435
222,801306872
223,801536406
224,801563949
225,801566979
226,801638735
227,801696196
228,801835819
229,802148439
230,802302246
231,802445176
232,802475516
233,802515929
234,802765034
235,802904214
236,802937732
237,803413615
238,803484030
239,803784385
240,804057093
241,804118645
242,804158476
243,804473605
244,804697858
245,804791599
246,804941978
247,804945338
248,804946658
249,805031334
250,805041930
251,805211553
252,805420467
253,805517427
254,805697623
255,805788048
256,805936041
257,805970954
258,805993160
259,806030859
260,806179522
261,806223655
262,806372496
263,806403304
264,806542084
265,806695084
266,806708318
267,806811023
268,807000274
269,807161510
270,807196681
271,807336308
272,807367030
273,807367166
274,807479587
275,807484325
